{"accuracy": [0.8558722138404846, 0.9859092235565186, 0.9930821061134338, 0.9939109683036804, 0.9957600235939026, 0.9960150718688965, 0.9974177479743958, 0.9982466101646423, 0.9968758225440979, 0.9976727962493896], "loss": [0.6205442547798157, 0.06394880264997482, 0.03238270431756973, 0.030040806159377098, 0.018541742116212845, 0.019078660756349564, 0.014591909013688564, 0.009968642145395279, 0.014916510321199894, 0.011782623827457428], "val_accuracy": [0.9645453095436096, 0.985588550567627, 0.992220401763916, 0.9923478960990906, 0.9903073310852051, 0.9956638216972351, 0.9964290261268616, 0.9932406544685364, 0.9942609071731567, 0.9960464239120483], "val_loss": [0.17799809575080872, 0.08368130028247833, 0.05246223136782646, 0.054604362696409225, 0.059937432408332825, 0.04098276421427727, 0.029926802963018417, 0.04816196486353874, 0.04052618891000748, 0.02932661771774292]}